symbol,asset_class,strategy,sharpe,cagr,maxdd,pf,n_flips,total_ret
SPY,INDEX,TSMOM_200,0.36609368328748504,0.04397493095483829,-0.22399292439924523,1.030607577997035,100,0.13329559734928553
SPY,INDEX,Donchian_20/10,-0.25268524493708455,-0.04746130935683057,-0.25978241814608694,0.9798277270862586,176,-0.13184119817230855
SPY,INDEX,Donchian_55/20,-0.18309259083924748,-0.03748822243436978,-0.25528277139313643,0.9852658742660917,86,-0.10514745262362601
SPY,INDEX,GoldenCross_50/200,1.7624134534334683,0.1762007410985018,-0.06643136279527759,1.1697697408991379,17,0.6029932241117075
SPY,INDEX,MACD,0.061740996391159486,-0.0018487695152267225,-0.1705826767837797,1.0049803277648244,379,-0.005366004118321777
SPY,INDEX,MACD_trendfilt,0.5988968491717465,0.05590220231438736,-0.12047113542530914,1.0691950534245114,467,0.17135409293430692
SPY,INDEX,Clenow_Momo,1.0047998134683815,0.0858195313775032,-0.09340916085476383,1.1041282777567794,222,0.2704829849961168
SPY,INDEX,DualMomo_240,1.4065557006383353,0.13803044417237587,-0.1273518070648446,1.1363213811785935,117,0.4563738891087892
SPY,INDEX,Connors_RSI2,1.892026034575314,0.09049574090740187,-0.04141852947882863,1.434724366051523,282,0.28645729276262033
SPY,INDEX,Bollinger_MR,0.9684291741811517,0.08248181623491724,-0.10520086315505772,1.167759328004208,171,0.25916104688246233
SPY,INDEX,Keltner_Break,0.037338182617259595,-0.005492572088210412,-0.3244333394664872,1.0030168970206246,84,-0.015886663349385155
SPY,INDEX,RSI_Pullback,0.8301607572362476,0.04704255631388876,-0.057723619551772284,1.12641900234782,73,0.1430053081594438
SPY,INDEX,VolTarget_Trend,1.4841231463776774,0.22236488719935976,-0.09698266891211431,1.1436231581893375,2614,0.7928544091866467
^NDX,INDEX,TSMOM_200,0.6725275893475676,0.1156469649918237,-0.16789692665924869,1.0556016687692253,108,0.37463935277147886
^NDX,INDEX,Donchian_20/10,0.4021347995421854,0.060511937426241724,-0.1996527459701783,1.032150398663658,162,0.18628484848044335
^NDX,INDEX,Donchian_55/20,0.07719787516583501,-0.003579631329532207,-0.2736721059432302,1.0061092863288092,77,-0.010372629793201305
^NDX,INDEX,GoldenCross_50/200,1.3805093593707616,0.1891293701602934,-0.13081955102902365,1.134071891840233,21,0.6547636138410324
^NDX,INDEX,MACD,-0.07383167179575731,-0.032094006076417214,-0.26406806393632587,0.9942254990946062,391,-0.0904876783297226
^NDX,INDEX,MACD_trendfilt,0.24924863869873096,0.023808934175570506,-0.13009535054452923,1.0271423590349065,505,0.07081018236764414
^NDX,INDEX,Clenow_Momo,0.7754043207129504,0.0839078022946047,-0.14964752423114616,1.082244042350296,238,0.2639900311900365
^NDX,INDEX,DualMomo_240,1.3821123587306239,0.18584560879814793,-0.13808220264924057,1.1369572195633288,99,0.6415120144405804
^NDX,INDEX,Connors_RSI2,0.935281790992573,0.061820005335395,-0.06049560126138637,1.182754020626297,290,0.19054425232942496
^NDX,INDEX,Bollinger_MR,0.46619642936226885,0.04606644516882019,-0.14753680725150564,1.0731496924658401,171,0.1399098050346299
^NDX,INDEX,Keltner_Break,-0.007118430261582528,-0.019618345115488434,-0.34778144260406335,0.9994401005436072,94,-0.05598121789299615
^NDX,INDEX,RSI_Pullback,-0.30867557412382757,-0.026037111126693935,-0.13362516452512793,0.9497654315766854,91,-0.07384017729548065
^NDX,INDEX,VolTarget_Trend,1.0606255797539152,0.16583289694700576,-0.12151824323037094,1.106033828666287,3319,0.5622536887575869
^GSPC,INDEX,TSMOM_200,0.16091767742674182,0.01293044184025538,-0.2750044035166746,1.0133314400540796,125,0.03806201352699712
^GSPC,INDEX,Donchian_20/10,0.10375206964525298,0.004384746436103759,-0.19101372172327374,1.0084009552636868,171,0.012802467412056817
^GSPC,INDEX,Donchian_55/20,-0.08785554398531416,-0.02372005751083983,-0.2272075579790776,0.9929166133744357,83,-0.0674192323670757
^GSPC,INDEX,GoldenCross_50/200,1.8165562799327817,0.18090258092572253,-0.0673681610908217,1.1760541129521682,17,0.6216960435472922
^GSPC,INDEX,MACD,0.15026302424326762,0.011378212077691963,-0.15685370147612185,1.0121597899808714,368,0.033443533891862165
^GSPC,INDEX,MACD_trendfilt,0.6736094604580267,0.0628611515566555,-0.10995929168727932,1.0774746241523996,453,0.19394165288604848
^GSPC,INDEX,Clenow_Momo,1.03744878907781,0.08826713909452266,-0.0913955207872449,1.1075656116101902,229,0.27882787624266103
^GSPC,INDEX,DualMomo_240,1.355151385088546,0.13261996867045522,-0.13044984322854833,1.132449115027935,109,0.43633296473606764
^GSPC,INDEX,Connors_RSI2,1.9136403669281339,0.09239704986167996,-0.040507285901427936,1.4459955884708762,285,0.29298980731895985
^GSPC,INDEX,Bollinger_MR,0.8603635700418762,0.07253059977293597,-0.10520776181486023,1.1503030752216208,164,0.225798666326938
^GSPC,INDEX,Keltner_Break,-0.13363458273379972,-0.030357301162902806,-0.34901727981708164,0.9892824403020042,93,-0.0857345586602859
^GSPC,INDEX,RSI_Pullback,0.771609766976376,0.043510772655432906,-0.07074426797292736,1.1197110777767245,66,0.13183116484290358
^GSPC,INDEX,VolTarget_Trend,1.564239152154879,0.23382195375465953,-0.10313473427275553,1.1520233359828043,2580,0.8421522686487106
DIA,INDEX,TSMOM_200,0.22640204297749636,0.021933693021504164,-0.18449388190693497,1.0184063635621683,95,0.06511738092569197
DIA,INDEX,Donchian_20/10,-0.14648732772861808,-0.029662967702418608,-0.22988983100513627,0.9884824862037949,163,-0.0838297141081995
DIA,INDEX,Donchian_55/20,-0.1536362638275878,-0.030542511886775814,-0.24477996602246607,0.987881491626727,85,-0.08624222909176871
DIA,INDEX,GoldenCross_50/200,0.9491579375836444,0.08593647092076862,-0.07513787031030347,1.0906695856672721,25,0.27088086443759907
DIA,INDEX,MACD,-0.4996664501294818,-0.07627180385029109,-0.24025989088331945,0.9613453212484333,396,-0.20600749683800534
DIA,INDEX,MACD_trendfilt,-0.058235674031170456,-0.010201338848308872,-0.14735649225260988,0.9934384551106739,495,-0.02937367258865653
DIA,INDEX,Clenow_Momo,0.5128956527263376,0.03895728660347442,-0.09156122590143896,1.0520756352179175,237,0.11753057017175461
DIA,INDEX,DualMomo_240,0.8466995178428832,0.0800566564218177,-0.1257532619338886,1.0785910441610602,77,0.2509762682965082
DIA,INDEX,Connors_RSI2,1.112945007576008,0.046255802570758675,-0.04765239989669521,1.2100294383767634,281,0.14050987622572841
DIA,INDEX,Bollinger_MR,0.3457949525991558,0.024613318957335206,-0.13784095613323905,1.0568125348023087,164,0.07325821454290438
DIA,INDEX,Keltner_Break,0.7677564533560612,0.10209086778557719,-0.15902145744704838,1.062594960113805,69,0.3266342917575862
DIA,INDEX,RSI_Pullback,-0.014779079226740295,-0.0021994074382064577,-0.10426898110721629,0.9976914821969401,72,-0.006381585211787777
DIA,INDEX,VolTarget_Trend,1.0073836866064256,0.13947678733118285,-0.13567715574535463,1.0976162527496052,2566,0.4617621792950217
QQQ,INDEX,TSMOM_200,0.723709554971708,0.12628122062720815,-0.1840475010630893,1.0598662896138764,118,0.413084826349432
QQQ,INDEX,Donchian_20/10,0.22357231644928316,0.024764895796805186,-0.2580252054131796,1.0177155457450855,163,0.07371992811561845
QQQ,INDEX,Donchian_55/20,-0.015144547190021417,-0.020938931026121543,-0.29112453612227596,0.998804054895705,76,-0.059673784240327654
QQQ,INDEX,GoldenCross_50/200,1.4747200473821698,0.20197876615746524,-0.1305854885119321,1.143933979137291,21,0.7072916882479237
QQQ,INDEX,MACD,-0.12257420270754123,-0.04103341584553988,-0.2614016141901396,0.9904400054619187,386,-0.11469722349366152
QQQ,INDEX,MACD_trendfilt,0.2419262244673077,0.0227949272123551,-0.1285369275257186,1.0262223925174163,501,0.06772941807421207
QQQ,INDEX,Clenow_Momo,0.8054368712317466,0.08721596691266109,-0.1453050255671546,1.0850358884133062,223,0.2752396108794075
QQQ,INDEX,DualMomo_240,1.5222750114600136,0.20643524864238283,-0.13936201479769614,1.151878057825481,99,0.725761915556757
QQQ,INDEX,Connors_RSI2,0.7542809322548709,0.04889616546948439,-0.05417676427396839,1.149438134641283,277,0.14889875631842076
QQQ,INDEX,Bollinger_MR,0.5799558351064663,0.058581059151689985,-0.14762061459091635,1.0918126828990413,172,0.18001570540502065
QQQ,INDEX,Keltner_Break,-0.00019278837060890153,-0.018241578644511813,-0.3895034981070031,0.9999848577526382,87,-0.05212144635655369
QQQ,INDEX,RSI_Pullback,-0.22324572761434694,-0.01951986965260699,-0.1633857399984386,0.9631561783011797,88,-0.055705484484744994
QQQ,INDEX,VolTarget_Trend,1.1558543893570064,0.1821029016932596,-0.12568990931542015,1.1164300769246622,3301,0.626493466007094
IWM,INDEX,TSMOM_200,0.4530304475001248,0.07724143068328271,-0.27170246547139626,1.037033371887045,85,0.24151890990061542
IWM,INDEX,Donchian_20/10,-0.42067660547833163,-0.108855774346717,-0.4219792479076719,0.9673930677813876,158,-0.28473179478433497
IWM,INDEX,Donchian_55/20,-0.9256336192269249,-0.20112311011322814,-0.5859938806990289,0.9294091621379647,86,-0.4794641140658834
IWM,INDEX,GoldenCross_50/200,0.9426618514919206,0.13912288468738376,-0.1817613103335046,1.098801800138758,21,0.46044252347356296
IWM,INDEX,MACD,-0.2877138949192321,-0.08277398231298017,-0.4948069403135679,0.977630784101059,374,-0.22214907570095166
IWM,INDEX,MACD_trendfilt,-0.4575267774903075,-0.08024314645199782,-0.3413796271262065,0.9495108568380175,512,-0.21589215454265065
IWM,INDEX,Clenow_Momo,0.4763866308763865,0.05572055462489911,-0.13839948953115405,1.0532365853796062,219,0.17076828208369843
IWM,INDEX,DualMomo_240,0.40705878728846634,0.052003574046705525,-0.20656412996512072,1.0409048017571434,97,0.15882325220960625
IWM,INDEX,Connors_RSI2,0.4136973909933562,0.030288378533299687,-0.13417707906149506,1.0853097256248938,251,0.09063386346461133
IWM,INDEX,Bollinger_MR,1.1416571152571624,0.13513328623987575,-0.1053188171089327,1.191390408621651,190,0.44561987833673555
IWM,INDEX,Keltner_Break,-0.4496888454952157,-0.11443448618264185,-0.4871398779948323,0.9651855639860996,93,-0.29767354956254355
IWM,INDEX,RSI_Pullback,-0.08625287640895056,-0.01039235545440953,-0.18096229669194075,0.9857937828879932,73,-0.029918213706637498
IWM,INDEX,VolTarget_Trend,0.7530894128591388,0.10497015919775121,-0.17174253535921724,1.0817315435790675,3003,0.3367369448613555
MDY,INDEX,TSMOM_200,0.006371951022642766,-0.015372916864424324,-0.2555391880794558,1.000525466544969,125,-0.04404590867218594
MDY,INDEX,Donchian_20/10,-0.5987645366132701,-0.11953397208183447,-0.4082816950021592,0.9527200079019591,171,-0.3093683091996906
MDY,INDEX,Donchian_55/20,-0.34559443367680476,-0.07728738555327297,-0.29438090367099756,0.9723413642546218,79,-0.20854300991399932
MDY,INDEX,GoldenCross_50/200,0.4997637569662046,0.054246481670761515,-0.15373868280033812,1.0519763687435686,31,0.16602152810412885
MDY,INDEX,MACD,-0.10047779862054061,-0.034885416925304225,-0.3220444625023371,0.9919236065341497,376,-0.09809336160403914
MDY,INDEX,MACD_trendfilt,0.10175022881625827,0.004922167964130697,-0.2071303427573887,1.011579270081855,491,0.014378973372741077
MDY,INDEX,Clenow_Momo,0.05180083384550579,-0.0006049351476808962,-0.17111070471769385,1.0060355945393167,247,-0.00175789326457243
MDY,INDEX,DualMomo_240,0.35836530096770786,0.036849222302914875,-0.16443492000123752,1.0357920854034972,111,0.11095037026699806
MDY,INDEX,Connors_RSI2,0.5108553268023457,0.026549350401531058,-0.08051993289057904,1.095092295099674,254,0.07916530146917689
MDY,INDEX,Bollinger_MR,0.5083756928591545,0.04706589444282527,-0.11918783714070767,1.0839878043364146,182,0.1430793868801281
MDY,INDEX,Keltner_Break,-0.45723635850509997,-0.09624125316528132,-0.39066442761492426,0.9636932991026588,97,-0.25489342337010246
MDY,INDEX,RSI_Pullback,0.1449402547402436,0.008190311016357255,-0.09474579474358363,1.022798305404201,56,0.024000622795050663
MDY,INDEX,VolTarget_Trend,0.27910103705334693,0.030362490509571627,-0.2074537935059167,1.02989298936029,2898,0.09086198834810189
ES=F,FUTURE,TSMOM_200,-0.3079217238534825,-0.06049426220027887,-0.3581988952796916,0.9854130294772814,369,-0.13885285919085966
ES=F,FUTURE,Donchian_20/10,-0.6209435868792375,-0.10688337641256418,-0.3322644372264953,0.971038902743955,472,-0.23722813631070383
ES=F,FUTURE,Donchian_55/20,-0.9311218234668073,-0.15034994138542512,-0.4372407321550842,0.9568632293857401,219,-0.32315973285034383
ES=F,FUTURE,GoldenCross_50/200,1.0236082994196218,0.09661695613392496,-0.12193335597295638,1.0579760260211832,87,0.24725838716035398
ES=F,FUTURE,MACD,-0.1550415783859185,-0.03719806459704633,-0.35516899236022964,0.9926956808657091,1061,-0.08681071197089785
ES=F,FUTURE,MACD_trendfilt,-0.4142441471270847,-0.04946220895922593,-0.33890863642956953,0.9736180622379981,1454,-0.11442971054433093
ES=F,FUTURE,Clenow_Momo,1.1166870610779887,0.09415292168633771,-0.12731411153754543,1.0686358020804547,598,0.24055514666994182
ES=F,FUTURE,DualMomo_240,0.8959044464160294,0.08438859854964265,-0.1608715871278505,1.0499165048281076,323,0.2141986135909042
ES=F,FUTURE,Connors_RSI2,0.5962742038748817,0.028803911246622294,-0.0642035682212535,1.0690133830185464,713,0.07039539552618201
ES=F,FUTURE,Bollinger_MR,0.6333365777952898,0.05777768836012842,-0.14782779073170654,1.058572374428769,523,0.14403603512393715
ES=F,FUTURE,Keltner_Break,-0.43521083240736597,-0.07975940394287462,-0.3518717347984225,0.9796106140107296,222,-0.18055187928039373
ES=F,FUTURE,RSI_Pullback,0.6643688801860168,0.034184778050115217,-0.07994295444503441,1.0721137275682904,177,0.08385601172438917
ES=F,FUTURE,VolTarget_Trend,0.8199561749041353,0.13248853773129632,-0.22107085561912637,1.044868787083606,1810,0.34723841498310715
NQ=F,FUTURE,TSMOM_200,-0.2358453033485457,-0.06746988277754129,-0.3851713891386065,0.9892614810757508,390,-0.15409075004491501
NQ=F,FUTURE,Donchian_20/10,-0.8581414718048462,-0.1802663860717596,-0.4940465762182625,0.9617776943237449,478,-0.3788553518278812
NQ=F,FUTURE,Donchian_55/20,-0.953335033569414,-0.19615108235526146,-0.5497673599423701,0.9576053829554744,215,-0.4073012321124254
NQ=F,FUTURE,GoldenCross_50/200,0.9438031248419773,0.11753084604739783,-0.16939218350141863,1.0529108218605603,87,0.3050027974986136
NQ=F,FUTURE,MACD,0.7872156039268893,0.15194521534097882,-0.27323640939060073,1.0363616412538152,1033,0.40335412223882416
NQ=F,FUTURE,MACD_trendfilt,0.4748387397321443,0.05802936124492719,-0.2828390569445894,1.0302312895727632,1380,0.14468822140425086
NQ=F,FUTURE,Clenow_Momo,0.8172979825576182,0.09002736559865165,-0.16682611116728632,1.0500762962843675,615,0.2293789314680097
NQ=F,FUTURE,DualMomo_240,1.0403378459987638,0.1332803803781344,-0.17580302807211645,1.0577694101975181,295,0.3494961825230407
NQ=F,FUTURE,Connors_RSI2,1.1576235496050735,0.07773736415764465,-0.08172493809223012,1.137361904412373,691,0.196433680846672
NQ=F,FUTURE,Bollinger_MR,0.6012066795150272,0.0695864511245341,-0.17572534625887481,1.052390561867943,531,0.17487093770195594
NQ=F,FUTURE,Keltner_Break,-0.07244305267904068,-0.03574695468153544,-0.43179661350667853,0.9967151509381389,211,-0.0835100686231347
NQ=F,FUTURE,RSI_Pullback,0.989791250124013,0.06941508672614605,-0.10475079030565132,1.1001171938879457,173,0.17442005441102926
NQ=F,FUTURE,VolTarget_Trend,0.7709197777881067,0.14934780493839095,-0.24750784264611198,1.042102339500799,3608,0.3957856157171826
YM=F,FUTURE,TSMOM_200,-0.18055670790063263,-0.037291554709240615,-0.16927616784657679,0.9914557780622256,344,-0.08702312342662799
YM=F,FUTURE,Donchian_20/10,-0.5835682937519625,-0.09366229053282282,-0.33668674065706405,0.9728676411108456,466,-0.20989790547888876
YM=F,FUTURE,Donchian_55/20,-1.1072832955259524,-0.16167692874109785,-0.427808717205715,0.9490451164779109,217,-0.3445751472229496
YM=F,FUTURE,GoldenCross_50/200,0.8756274368406298,0.07860308969261243,-0.08000974302901952,1.051819441526365,85,0.1987373342733756
YM=F,FUTURE,MACD,0.329784425631141,0.03887961797361239,-0.15321313502860914,1.0156591071503025,1019,0.09568061223328939
YM=F,FUTURE,MACD_trendfilt,0.30872681197979407,0.026505068579157687,-0.14047837540822816,1.019892792150247,1380,0.06467453704971438
YM=F,FUTURE,Clenow_Momo,0.5311616903141829,0.041335680125109464,-0.09814335307656732,1.0344796124211404,587,0.10189634064880004
YM=F,FUTURE,DualMomo_240,0.6458368313884266,0.05708517785922229,-0.07509867498934202,1.036459666307641,313,0.14224257774559868
YM=F,FUTURE,Connors_RSI2,0.5413367012377938,0.025456323286729532,-0.062075114019944484,1.0664709557111647,666,0.062070579304184026
YM=F,FUTURE,Bollinger_MR,0.5621706038508172,0.046844647287333396,-0.12511194587998567,1.0514526451834307,554,0.11591283522463214
YM=F,FUTURE,Keltner_Break,-0.5040111219440344,-0.0827754608411998,-0.35138066964056597,0.9764994669565983,228,-0.18697111723916449
YM=F,FUTURE,RSI_Pullback,0.6978597705441809,0.0391147458755563,-0.06034372511149384,1.0756635245541992,181,0.09627478033781478
YM=F,FUTURE,VolTarget_Trend,0.8506102903602446,0.13547506134301623,-0.14123160492527717,1.0492270652062974,1761,0.3557653541162096
GC=F,FUTURE,TSMOM_200,0.08444686615581506,-0.004931880946654754,-0.2571532819204262,1.0036964395252816,369,-0.011760898274233433
GC=F,FUTURE,Donchian_20/10,0.9377592938123733,0.19501238441883162,-0.17309187378677574,1.041558617277671,381,0.5315917062856872
GC=F,FUTURE,Donchian_55/20,0.3610407939605548,0.05598226789766514,-0.1992717263438046,1.015803272716849,173,0.13921974548319938
GC=F,FUTURE,GoldenCross_50/200,1.4128910811308877,0.25156157169977433,-0.16360225278349216,1.0825783904341095,74,0.7107699882294967
GC=F,FUTURE,MACD,1.5328383194121944,0.3577785402026423,-0.16667058178146335,1.0687960063009305,1037,1.0789494315932129
GC=F,FUTURE,MACD_trendfilt,1.4947869547874493,0.23154775814746542,-0.08975342185939099,1.0916574444443012,1419,0.6460353198283182
GC=F,FUTURE,Clenow_Momo,1.656428492042885,0.2537331186912528,-0.1092908689705867,1.1017232153516014,680,0.7178813772182024
GC=F,FUTURE,DualMomo_240,0.8497571439606912,0.14126769792849014,-0.18166201058528894,1.0472936783575286,410,0.3718971462098535
GC=F,FUTURE,Connors_RSI2,-0.005585410518541927,-0.005319353947765948,-0.13105729303785935,0.9992323734878937,652,-0.012681462492239337
GC=F,FUTURE,Bollinger_MR,0.5487125538220584,0.06554037380813527,-0.1639461162458151,1.0517556552029106,492,0.1640497180053746
GC=F,FUTURE,Keltner_Break,0.10612339663344897,-0.00020816381357935398,-0.3324134306494943,1.0046199073508797,185,-0.000498039145678808
GC=F,FUTURE,RSI_Pullback,0.055987798081863535,0.00027762087932048374,-0.17688412171149379,1.0060366680683202,180,0.0006644423379966735
GC=F,FUTURE,VolTarget_Trend,2.0667075308302087,0.5505377799694497,-0.19238771349949643,1.1081299823743986,4848,1.8562861523603256
SI=F,FUTURE,TSMOM_200,0.18770083744743044,-0.01901604228198117,-0.4869915664238451,1.0088191992051567,389,-0.04495222248641528
SI=F,FUTURE,Donchian_20/10,-0.14579125744440152,-0.15553548528139804,-0.43686058736488115,0.9932558214705994,400,-0.33301358850393536
SI=F,FUTURE,Donchian_55/20,-0.16619291095443517,-0.16329926319383392,-0.4286152636914403,0.992298454626472,191,-0.3476096181705729
SI=F,FUTURE,GoldenCross_50/200,1.1100990879844845,0.39042694642647136,-0.34107218265708,1.0690093352770804,84,1.2025640810499283
SI=F,FUTURE,MACD,1.1492121741268626,0.522651729303681,-0.363689645365578,1.0547781346533127,977,1.7380507851661942
SI=F,FUTURE,MACD_trendfilt,1.168913252177261,0.3995611171555318,-0.2133209980254339,1.0824662818734654,1369,1.2373862134936169
SI=F,FUTURE,Clenow_Momo,1.0510319229558986,0.3062422481139435,-0.2479894335970383,1.0676128871474406,636,0.8964818631037221
SI=F,FUTURE,DualMomo_240,0.8807417098687891,0.28287961178864185,-0.4334431867521255,1.0535147794739184,361,0.8162358867184116
SI=F,FUTURE,Connors_RSI2,0.1582021840050134,0.009708794980531898,-0.34198017088765875,1.0233061495122073,624,0.023416353776419596
SI=F,FUTURE,Bollinger_MR,0.3246922540497998,0.05155519792935115,-0.28576436101070557,1.0325492821434517,492,0.1279798511518555
SI=F,FUTURE,Keltner_Break,0.36825146262124775,0.06721229453948618,-0.4223165193857252,1.0172569729931669,187,0.16863318085572088
SI=F,FUTURE,RSI_Pullback,0.4347392383248722,0.062044134625402814,-0.2352891908024703,1.0427033033962545,176,0.15512141767153453
SI=F,FUTURE,VolTarget_Trend,1.3647133605513817,0.3728978689334981,-0.2291496138763212,1.0730740703242503,8232,1.136627537656056
HG=F,FUTURE,TSMOM_200,-0.3307831851149754,-0.13835088507226379,-0.5772197688012761,0.9849214885110181,350,-0.3000349432806051
HG=F,FUTURE,Donchian_20/10,0.1792731332998042,0.008181793671385051,-0.4422081425631689,1.0082091482804874,383,0.019712490173397157
HG=F,FUTURE,Donchian_55/20,-0.18403240904105445,-0.09823227668455348,-0.4294948146084798,0.9916362570275833,187,-0.21940824718337992
HG=F,FUTURE,GoldenCross_50/200,1.1450146372196022,0.23779396648830176,-0.15680832915450463,1.0642968680276867,89,0.6670561023305084
HG=F,FUTURE,MACD,0.6366764694106115,0.1601975420904016,-0.36651504321678047,1.0294477449933854,1075,0.4275586912477918
HG=F,FUTURE,MACD_trendfilt,-0.025854618595675602,-0.03450792327415286,-0.47933057042933097,0.9981857164182447,1503,-0.08068631937067439
HG=F,FUTURE,Clenow_Momo,0.5933230518962811,0.09983420785466834,-0.24774344533540302,1.0349682204187827,630,0.2560423983921831
HG=F,FUTURE,DualMomo_240,0.3647331240531622,0.061604131635184745,-0.25940260283276273,1.022562811516645,337,0.1539752900963416
HG=F,FUTURE,Connors_RSI2,0.1955585324387948,0.01409693718733629,-0.1585395637618614,1.0218185155028134,606,0.03410371664081557
HG=F,FUTURE,Bollinger_MR,0.03675287225409013,-0.013377226401736109,-0.23934890472226691,1.0040297817883357,498,-0.031748123787346705
HG=F,FUTURE,Keltner_Break,0.24153715070977172,0.027615506350739505,-0.4096699173903127,1.0110851337865487,175,0.06743572253085062
HG=F,FUTURE,RSI_Pullback,0.6564593701208716,0.06637740170047834,-0.15967573419509692,1.067167440154576,159,0.16644421577282031
HG=F,FUTURE,VolTarget_Trend,1.7162418563272885,0.4468864827578203,-0.12827116427662225,1.0934684657910405,7099,1.4229246564174103
CL=F,FUTURE,TSMOM_200,-0.4134899303346288,-0.23759415890393887,-0.5657531317261885,0.9803160851584155,439,-0.4778888037833807
CL=F,FUTURE,Donchian_20/10,-0.35992927905217936,-0.2204757409134479,-0.5756354914662781,0.983007258706754,442,-0.4493635314520369
CL=F,FUTURE,Donchian_55/20,-0.18156913359661697,-0.15804296135017604,-0.627800845137061,0.9913768033942681,191,-0.3377482590267723
CL=F,FUTURE,GoldenCross_50/200,-0.09573768954220033,-0.08974589048227288,-0.41987487471378127,0.9933610488797017,103,-0.20169427006929153
CL=F,FUTURE,MACD,0.20415354419385498,-0.004589668801743607,-0.4299532568429118,1.0097534009027862,1034,-0.010959906950630094
CL=F,FUTURE,MACD_trendfilt,0.2539735768710204,0.031009819997853905,-0.36073951841110274,1.017933331509872,1387,0.07590177947068422
CL=F,FUTURE,Clenow_Momo,-0.14127434792638927,-0.08781759118157506,-0.5125416789775996,0.9890346564818427,587,-0.19763693782409741
CL=F,FUTURE,DualMomo_240,-0.24612214683944839,-0.1358563118318642,-0.4984444114688376,0.982843351258157,406,-0.2951704587202909
CL=F,FUTURE,Connors_RSI2,-0.06831832463431449,-0.02895851989581788,-0.257809008009284,0.9903509611484589,589,-0.06797710092883058
CL=F,FUTURE,Bollinger_MR,0.4670208011471024,0.087587208978392,-0.21612154134855574,1.0424960441368492,533,0.22279621512755132
CL=F,FUTURE,Keltner_Break,-0.07124969804580013,-0.1169150274755082,-0.4971672948092204,0.9966126944315805,208,-0.2575922001248422
CL=F,FUTURE,RSI_Pullback,-0.08021242224155035,-0.03894476518975065,-0.3046505663897978,0.9912906977093137,157,-0.09077449738942556
CL=F,FUTURE,VolTarget_Trend,-0.24534537531958353,-0.08236440275101042,-0.3648062842035753,0.98624677341374,6868,-0.18609797069463496
NG=F,FUTURE,TSMOM_200,-0.8785586516399961,-0.6372553571627003,-0.9615740700003949,0.9568507370217251,374,-0.9119008714899243
NG=F,FUTURE,Donchian_20/10,-0.08618500046262374,-0.31997325083386674,-0.7752390352270838,0.9957231360865965,450,-0.6029949592118096
NG=F,FUTURE,Donchian_55/20,-0.46684546799758525,-0.49817491744227604,-0.9064244880081728,0.9770361360310871,198,-0.8082932414505415
NG=F,FUTURE,GoldenCross_50/200,0.7148110846827409,0.2742339355405674,-0.43069893303580487,1.0514130790807052,67,0.787051015270573
NG=F,FUTURE,MACD,-1.2131334797332356,-0.7228947984869385,-0.9724634581573924,0.941527855326485,1102,-0.9537843829170062
NG=F,FUTURE,MACD_trendfilt,-1.4489642041896442,-0.6240095161687476,-0.9387780142794262,0.8987637991817534,1408,-0.9039968658013855
NG=F,FUTURE,Clenow_Momo,-0.47354135200259406,-0.3158881530153197,-0.7833470966665682,0.9648962148749372,572,-0.5972576471426592
NG=F,FUTURE,DualMomo_240,-0.17067417217998315,-0.23229411042943804,-0.7200590960767642,0.9886413961912907,331,-0.4691514876917898
NG=F,FUTURE,Connors_RSI2,-0.18067671418050932,-0.10188712690416801,-0.40324476037476176,0.9733033391505735,540,-0.22696590675867723
NG=F,FUTURE,Bollinger_MR,1.0083230094980276,0.42490559221335267,-0.33669980910154873,1.1005099013838076,558,1.3356778854939413
NG=F,FUTURE,Keltner_Break,-0.43574776619834826,-0.48753196222638817,-0.8627803997112147,0.9785570324450527,239,-0.798408552172279
NG=F,FUTURE,RSI_Pullback,0.3790247366171126,0.06813513897087353,-0.3969297105571368,1.0525478909591872,163,0.17105552435104587
NG=F,FUTURE,VolTarget_Trend,1.1414282984395125,0.2676637107544926,-0.2028288125010446,1.0733974092290424,6696,0.7650561415461408
BTC-USD,CRYPTO,TSMOM_200,0.7785189894531943,0.2887420191246537,-0.4788079800301315,1.0259740938231914,535,0.6591266930428272
BTC-USD,CRYPTO,Donchian_20/10,-0.14087032497652174,-0.15975381589827753,-0.567453005055803,0.9953886708440474,561,-0.2934814921217407
BTC-USD,CRYPTO,Donchian_55/20,0.08181979070519133,-0.06791687214509046,-0.4589904104576122,1.0026881352746522,253,-0.130970065786021
BTC-USD,CRYPTO,GoldenCross_50/200,0.37177714194283784,0.06946554759086321,-0.29987312019261847,1.0171207951575802,120,0.14344114477211023
BTC-USD,CRYPTO,MACD,0.6440735267116131,0.2112276877746233,-0.42874187843265893,1.0213311683065323,1315,0.46591837999704033
BTC-USD,CRYPTO,MACD_trendfilt,0.5501641808465223,0.1398765660311072,-0.3478453458008506,1.0257937768957177,1861,0.29862018314535055
BTC-USD,CRYPTO,Clenow_Momo,0.08659912252479181,-0.014069903725041133,-0.42958641970409267,1.0043176235929052,848,-0.02788527732112167
BTC-USD,CRYPTO,DualMomo_240,0.3757432216990603,0.0697097412936929,-0.427273668252885,1.0173186848724536,480,0.14396230126922593
BTC-USD,CRYPTO,Connors_RSI2,0.08950053571927306,0.002485657976892597,-0.19493669312794848,1.0086177922375434,674,0.0049672483790637045
BTC-USD,CRYPTO,Bollinger_MR,-0.40884529540322917,-0.1410200951798074,-0.39967346396268005,0.9747810671203101,645,-0.2616927638727752
BTC-USD,CRYPTO,Keltner_Break,0.6946235185402097,0.23996176906419198,-0.506663068515027,1.02305283485513,269,0.5361477289664116
BTC-USD,CRYPTO,RSI_Pullback,-0.5840084777557969,-0.10428831666268679,-0.3060618534379109,0.9478363594129013,174,-0.19733761278956974
BTC-USD,CRYPTO,VolTarget_Trend,0.38920981551633616,0.07214613267719905,-0.2580657268298429,1.0173356553313055,8416,0.14916851972745082
ETH-USD,CRYPTO,TSMOM_200,0.8126799549129319,0.3781535536868754,-0.5456610012032249,1.0273178681758257,559,0.8968070471695837
ETH-USD,CRYPTO,Donchian_20/10,0.5208717325589396,0.1324111753595525,-0.5883023330555517,1.0173625462325537,551,0.28170037174300955
ETH-USD,CRYPTO,Donchian_55/20,0.4050604554452147,0.04691931069287736,-0.7839555796073734,1.0134762072416679,241,0.09583367453816671
ETH-USD,CRYPTO,GoldenCross_50/200,-0.16437837503438765,-0.14451223988468032,-0.49378606649811363,0.9923768449914979,114,-0.2676714201118924
ETH-USD,CRYPTO,MACD,0.7802222252950007,0.3489838776393419,-0.5086896335146409,1.02609295626793,1315,0.8175217212029406
ETH-USD,CRYPTO,MACD_trendfilt,0.4575886601969333,0.10922325088934715,-0.42417036510037565,1.0217439179110195,1854,0.2298525502896318
ETH-USD,CRYPTO,Clenow_Momo,-0.05757955852482347,-0.08942962034400392,-0.41376089893304474,0.9971011838351745,784,-0.17054251996212177
ETH-USD,CRYPTO,DualMomo_240,0.5334805336291205,0.14483467889197632,-0.5002425603309334,1.025383423301663,494,0.3099186016423179
ETH-USD,CRYPTO,Connors_RSI2,-0.11491012574043338,-0.038355554137930126,-0.2335613068601271,0.9887603793586708,584,-0.07509141465770519
ETH-USD,CRYPTO,Bollinger_MR,-0.3356080857055951,-0.1989249581867475,-0.41986691267029036,0.9789888163837221,649,-0.357693976440171
ETH-USD,CRYPTO,Keltner_Break,0.5731888653649103,0.172903661519334,-0.7424010198413422,1.0191147478889266,270,0.3748022656017147
ETH-USD,CRYPTO,RSI_Pullback,-0.4533646354623706,-0.10526175040300256,-0.39842843872567,0.956430240975848,190,-0.19907770910808031
ETH-USD,CRYPTO,VolTarget_Trend,-0.08487736096047808,-0.05905730436313261,-0.31468609786286866,0.996026859032459,8106,-0.11440547970194481
SOL-USD,CRYPTO,TSMOM_200,0.9412907018101245,0.5410432137686418,-0.4102899888670132,1.0304648255282063,502,1.3706002247470361
SOL-USD,CRYPTO,Donchian_20/10,-0.0742118951113919,-0.3186574473872976,-0.813623686929172,0.9976498118952054,616,-0.535040252226626
SOL-USD,CRYPTO,Donchian_55/20,-0.3990220617658978,-0.47543706721832235,-0.8353518084585856,0.987417646239884,268,-0.7241036683569146
SOL-USD,CRYPTO,GoldenCross_50/200,0.22965863509629555,-0.012881115062891912,-0.4667533753465671,1.010475573503372,113,-0.02554442494128739
SOL-USD,CRYPTO,MACD,0.01771688708810709,-0.2663587110905429,-0.7595654226232018,1.000561695928102,1343,-0.46108538881321937
SOL-USD,CRYPTO,MACD_trendfilt,0.24956055776161357,-0.027898775556041033,-0.4513042242657958,1.0112616361802345,1871,-0.054909393804326245
SOL-USD,CRYPTO,Clenow_Momo,0.4072245609122025,0.08419992327776993,-0.47082791993019457,1.0207010141535302,767,0.17509927437649453
SOL-USD,CRYPTO,DualMomo_240,0.13382038243565908,-0.06046799243718026,-0.4576656992333108,1.0060222212016834,432,-0.11705346583113374
SOL-USD,CRYPTO,Connors_RSI2,-0.24170619130325002,-0.08265909527831439,-0.4131570305093084,0.9783565939035238,630,-0.15818744911905003
SOL-USD,CRYPTO,Bollinger_MR,-0.2415845290915173,-0.19832948342672652,-0.6007199236845548,0.9856927483954737,660,-0.35674067515628316
SOL-USD,CRYPTO,Keltner_Break,0.10411850282035698,-0.21310180846264493,-0.7588231727970949,1.0033094473313129,318,-0.38018150147088003
SOL-USD,CRYPTO,RSI_Pullback,-0.17652216070092477,-0.08231839260975093,-0.3834852401686301,0.9851632929489037,170,-0.15756331519840294
SOL-USD,CRYPTO,VolTarget_Trend,0.44594583590461523,0.08639365300146107,-0.3012951205259351,1.019944760448797,8201,0.17984959530282363
BNB-USD,CRYPTO,TSMOM_200,0.37328651062771195,0.05831395300487796,-0.37597262801194076,1.0123512780450308,520,0.11976775577828103
BNB-USD,CRYPTO,Donchian_20/10,-0.32730135553952483,-0.2732269254222758,-0.7142201094274578,0.9893548434396834,622,-0.47110816501031927
BNB-USD,CRYPTO,Donchian_55/20,-0.5525945497847944,-0.35580695454527134,-0.7403414016151337,0.9820766059472346,274,-0.584265187790232
BNB-USD,CRYPTO,GoldenCross_50/200,0.3143733339977279,0.048932950398136166,-0.49135738662788186,1.0139541472266884,109,0.10004449035784524
BNB-USD,CRYPTO,MACD,1.2982307894635439,0.738436737700638,-0.38110660726852297,1.043344801366942,1295,2.0153067752961964
BNB-USD,CRYPTO,MACD_trendfilt,1.1141589287675409,0.4511683424455446,-0.4104430178892514,1.053475847774946,1795,1.102671616947073
BNB-USD,CRYPTO,Clenow_Momo,0.36117554206326485,0.06642483880566852,-0.3668248377385505,1.0174861175943444,895,0.13696160957803438
BNB-USD,CRYPTO,DualMomo_240,0.7364985039853471,0.22288904872121473,-0.2516650495007871,1.0340180577314393,448,0.4942223650933757
BNB-USD,CRYPTO,Connors_RSI2,0.6380617848510871,0.10814761584916055,-0.16595303638090042,1.0609397596092918,746,0.2274733742974573
BNB-USD,CRYPTO,Bollinger_MR,0.18025018071495957,0.004955216487273262,-0.3460026261695295,1.0120102862472948,620,0.009914485963950392
BNB-USD,CRYPTO,Keltner_Break,0.10491003555360152,-0.08347719631785433,-0.6651968875046662,1.0034394878623334,322,-0.1596851875781652
BNB-USD,CRYPTO,RSI_Pullback,1.1175134101067827,0.22072675555804055,-0.13380778058475457,1.0897886874861145,196,0.4889537374437709
BNB-USD,CRYPTO,VolTarget_Trend,0.7373029424283337,0.18377262950588502,-0.3065896382294155,1.0311454027729916,9069,0.40034708604518987
AAPL,STOCK,TSMOM_200,-0.1446508077748545,-0.0672690957381914,-0.48063279830371824,0.9881594566664472,169,-0.18298639044705323
AAPL,STOCK,Donchian_20/10,-0.11342921477374156,-0.06070000859651492,-0.4303193156071774,0.9908756872696614,152,-0.16617517974542362
AAPL,STOCK,Donchian_55/20,0.24867000369756118,0.031398815475617736,-0.4281435239109582,1.0203747711554634,69,0.09386999854918421
AAPL,STOCK,GoldenCross_50/200,0.5998371761636181,0.09289816516483884,-0.1717422662739816,1.0652658065820402,29,0.2940855283539543
AAPL,STOCK,MACD,0.6194211206416577,0.1350292390741139,-0.3064034111861139,1.051194103879525,352,0.4442326503319516
AAPL,STOCK,MACD_trendfilt,0.47762228118983086,0.07255024000524135,-0.28756045792459156,1.0559330875089747,463,0.22539388833198948
AAPL,STOCK,Clenow_Momo,0.642506509422775,0.09330101228742449,-0.1740625411498037,1.0770937069325561,141,0.29547034230176106
AAPL,STOCK,DualMomo_240,0.21919056539402434,0.023006785060090795,-0.32671787251988216,1.0237664810183935,149,0.06823954657246922
AAPL,STOCK,Connors_RSI2,0.4051310312445622,0.02936503034925031,-0.10889070412738257,1.0855053085948225,232,0.08762194062500028
AAPL,STOCK,Bollinger_MR,0.023496983694110695,-0.007590008918966773,-0.23172569455839695,1.0035931863301737,172,-0.02186848939825603
AAPL,STOCK,Keltner_Break,0.3392359896201279,0.05570394551612878,-0.31542577653476533,1.0277935514542507,81,0.17036728093367648
AAPL,STOCK,RSI_Pullback,0.22060503483931918,0.016538027679211087,-0.17082057928429473,1.0438801815478753,71,0.04875402736623946
AAPL,STOCK,VolTarget_Trend,0.2889985810608646,0.03132950915470234,-0.19596577146937313,1.0315623491130324,2806,0.09365669414945432
MSFT,STOCK,TSMOM_200,-0.11142920036583825,-0.05489232184898907,-0.3461340492845926,0.9906424900916355,163,-0.15112504487383882
MSFT,STOCK,Donchian_20/10,-1.1655554337199656,-0.2723925950423439,-0.6710358481764492,0.9081970138228649,163,-0.6026176365953299
MSFT,STOCK,Donchian_55/20,0.2402543983947411,0.029185317370535868,-0.3429324621741729,1.0200653686778371,63,0.08707096609941489
MSFT,STOCK,GoldenCross_50/200,0.08797989684579408,0.0006817146094773019,-0.23660621587673383,1.0103720397120464,34,0.001979701827974578
MSFT,STOCK,MACD,-0.7255252274433726,-0.191025505934729,-0.6171886309957576,0.9416540866328625,406,-0.45947515952337115
MSFT,STOCK,MACD_trendfilt,-0.5720653248644624,-0.10067329203908404,-0.3896128392446989,0.9391887219305728,528,-0.2650412835125949
MSFT,STOCK,Clenow_Momo,0.5083583164234617,0.07034280144358807,-0.18249355394025452,1.0695425292500726,172,0.2180890276453813
MSFT,STOCK,DualMomo_240,0.749572610956751,0.1190514946621275,-0.15967324192149868,1.090735919191676,112,0.3860179651221882
MSFT,STOCK,Connors_RSI2,0.8370535983393123,0.0506525834599596,-0.0650752083935784,1.1924742667317163,198,0.1541892305259327
MSFT,STOCK,Bollinger_MR,0.61797228971272,0.0697984052366114,-0.14985890889949316,1.091143446548247,179,0.21629190891289007
MSFT,STOCK,Keltner_Break,0.4487560442375547,0.08316063630863213,-0.24979476615311444,1.0377970436785926,77,0.26090664010201836
MSFT,STOCK,RSI_Pullback,-0.3963681225943642,-0.03649924435043117,-0.17688367812809397,0.9176608355644351,54,-0.10228866351442889
MSFT,STOCK,VolTarget_Trend,0.2344719694022337,0.02428080484927997,-0.1955684627959973,1.0283638305916747,2677,0.07210496246077547
NVDA,STOCK,TSMOM_200,-0.5995490650041364,-0.3101521809460527,-0.8808357744539196,0.9526880413304987,187,-0.6595585602681144
NVDA,STOCK,Donchian_20/10,0.18424429950530058,-0.02026973619295358,-0.5459282965529986,1.0146753201284044,147,-0.05769814098462034
NVDA,STOCK,Donchian_55/20,-0.38497086151807525,-0.244580296159844,-0.7536409784256962,0.9699973909399242,77,-0.5569144057405515
NVDA,STOCK,GoldenCross_50/200,0.6825330190794713,0.1912765057371788,-0.49458329521028954,1.073291971172159,32,0.661872719284216
NVDA,STOCK,MACD,0.7874915565429647,0.2908189539041046,-0.4946527135900495,1.064074173199612,356,1.0977064128868732
NVDA,STOCK,MACD_trendfilt,0.20110153727636138,0.014325972304621404,-0.39267743923746545,1.0218319577926211,520,0.042144620291858725
NVDA,STOCK,Clenow_Momo,1.3490481268639865,0.422956661794645,-0.2715185979402576,1.1649449872432325,154,1.7834338192146988
NVDA,STOCK,DualMomo_240,0.5552960870119048,0.13845676981480337,-0.3853231708070906,1.058516860105829,223,0.4569259267919734
NVDA,STOCK,Connors_RSI2,0.5747156494630168,0.08985196619364988,-0.3521790357046492,1.1226563169204555,258,0.28364541110081865
NVDA,STOCK,Bollinger_MR,0.6964551243610447,0.16698518515149252,-0.30190659185984814,1.1175224264606147,176,0.5654233065107552
NVDA,STOCK,Keltner_Break,-0.38328211351843133,-0.24394112468551366,-0.7277769406814574,0.9701151146631847,87,-0.5558255213430472
NVDA,STOCK,RSI_Pullback,0.8222964969724482,0.15635267849584267,-0.22764990582660344,1.185764070051669,76,0.5243888665232506
NVDA,STOCK,VolTarget_Trend,0.6885273060531689,0.09961470673892481,-0.2228814566535976,1.0776130671067101,3108,0.31730114891699435
GOOGL,STOCK,TSMOM_200,1.1001410797912643,0.33558766030692366,-0.31846267030265313,1.097757105154511,102,1.3158829740710054
GOOGL,STOCK,Donchian_20/10,-0.615727460522339,-0.21365338387527477,-0.6708204926801866,0.9501583411972104,157,-0.5021950913170621
GOOGL,STOCK,Donchian_55/20,-0.8817533363845282,-0.2729543455872995,-0.6948071911205262,0.929238330114904,82,-0.6035073531869808
GOOGL,STOCK,GoldenCross_50/200,1.2541093054888897,0.3298409528179864,-0.2316430663564016,1.1412617205776174,26,1.287082449705483
GOOGL,STOCK,MACD,-0.14558087449842774,-0.08978972890289405,-0.4049393904098847,0.9879976666899967,349,-0.23893048210667012
GOOGL,STOCK,MACD_trendfilt,0.49803752545887353,0.08582889866997778,-0.30515873633139234,1.0586809130653618,426,0.2699421211926052
GOOGL,STOCK,Clenow_Momo,0.6473945125709658,0.12794908479490985,-0.20360997132475128,1.080567495541386,190,0.4182424772396567
GOOGL,STOCK,DualMomo_240,1.347327016426636,0.3673293231369057,-0.16476294099027589,1.1493965708288787,77,1.4792502761012978
GOOGL,STOCK,Connors_RSI2,0.7927425781870224,0.09101352348637337,-0.10916582077985035,1.1754888744337957,286,0.28761983303498573
GOOGL,STOCK,Bollinger_MR,1.0945673461932093,0.1682181964261542,-0.1379888304673861,1.181054713296709,178,0.5702282188657068
GOOGL,STOCK,Keltner_Break,-0.027911231329521762,-0.0555752644399744,-0.5129537232713115,0.9976820235189943,87,-0.15290399496258855
GOOGL,STOCK,RSI_Pullback,0.7464304843821684,0.11514619533164838,-0.2010344641135549,1.1465185772859634,74,0.37202703991889585
GOOGL,STOCK,VolTarget_Trend,0.9683112919997351,0.1644160658564049,-0.18590661171401876,1.1123801057290192,3372,0.5554427052543249
META,STOCK,TSMOM_200,0.20919488598338,0.010645188854512933,-0.5008996110499201,1.018674352774859,95,0.031207410014352677
META,STOCK,Donchian_20/10,-0.31899449287433396,-0.17156799098148467,-0.6890657635371931,0.972789795073595,135,-0.4208761109655422
META,STOCK,Donchian_55/20,0.1279000563620477,-0.020415461674959556,-0.45371490758932664,1.0111286639860093,65,-0.058104840100273725
META,STOCK,GoldenCross_50/200,0.12899357849391413,9.280572556824573e-05,-0.43228160419057177,1.0150003824563638,38,0.0002693572956153911
META,STOCK,MACD,-0.547119733805735,-0.23871984643549782,-0.7396303174457756,0.9538991610332804,383,-0.5468648727919565
META,STOCK,MACD_trendfilt,-0.9322272023791883,-0.2108073755370039,-0.6253805971926932,0.9046341088762853,512,-0.4969483346300263
META,STOCK,Clenow_Momo,0.49229508394042437,0.09638049103372182,-0.32049050447220234,1.065877193023833,180,0.3060883590604184
META,STOCK,DualMomo_240,0.3617579334348779,0.06288059272611335,-0.3309730344249731,1.039644269320636,122,0.19360651275218466
META,STOCK,Connors_RSI2,0.7917778090385551,0.08895529004735137,-0.13976980482432705,1.169556043951151,250,0.2805828205394272
META,STOCK,Bollinger_MR,0.5168021004184555,0.08138674366066323,-0.15035098646466996,1.083045246990665,161,0.25492312478392587
META,STOCK,Keltner_Break,0.3098221018259569,0.04788447672251883,-0.44095101189157687,1.0271776209028864,81,0.14538629263738256
META,STOCK,RSI_Pullback,-0.050017268036532225,-0.02243414236004604,-0.30343252972324214,0.9874775554624555,66,-0.06372686068224298
META,STOCK,VolTarget_Trend,0.04253450188118838,-0.0073042545080350685,-0.3334839602061691,1.0052740705295218,2942,-0.02105090305120949
TSLA,STOCK,TSMOM_200,-0.027353363755661293,-0.1555705297606642,-0.6644646877599593,0.9977795229095145,104,-0.38782162208008675
TSLA,STOCK,Donchian_20/10,0.33826833705300136,0.033273604760181597,-0.6769882086742091,1.0273017900200603,137,0.0996503964889659
TSLA,STOCK,Donchian_55/20,0.05739156536933994,-0.11704699212911596,-0.6605234756570277,1.004580329402161,71,-0.30320616329811856
TSLA,STOCK,GoldenCross_50/200,0.5990903992255592,0.16660718444730893,-0.30770049143661493,1.0688182228593635,30,0.5639522108791688
TSLA,STOCK,MACD,-0.058283387969842344,-0.17219726291554405,-0.6806984477151704,0.99537638687105,370,-0.4221518293890749
TSLA,STOCK,MACD_trendfilt,-0.3602457970576912,-0.19973967923181046,-0.6229333471635414,0.9611846025205413,490,-0.4762001183467591
TSLA,STOCK,Clenow_Momo,0.3435373836625992,0.06100370408971223,-0.3336052684121071,1.0418623281290595,232,0.18749988770173576
TSLA,STOCK,DualMomo_240,0.6401686304265471,0.18602150751636337,-0.28025174223720983,1.0710383485160857,123,0.6406866702754588
TSLA,STOCK,Connors_RSI2,0.024509943329414568,-0.013662899555189845,-0.3125324144238213,1.0051095796281082,218,-0.039138276526737625
TSLA,STOCK,Bollinger_MR,0.6029649815629826,0.14522923049925507,-0.32474628074646983,1.096315704022048,170,0.4822210969457956
TSLA,STOCK,Keltner_Break,0.15555505698733507,-0.0669525941026684,-0.6852098858626247,1.0124633472045304,87,-0.18218155949231263
TSLA,STOCK,RSI_Pullback,-0.29934864593483745,-0.09002753874734404,-0.3853818512857848,0.9449786768922127,48,-0.2395074081524895
TSLA,STOCK,VolTarget_Trend,0.008729807167367593,-0.008441759332159293,-0.16671802212597675,1.0010413396827307,2511,-0.02430282003259676
AMZN,STOCK,TSMOM_200,0.0273801621213467,-0.040263665458224684,-0.4970859282186803,1.002342438418774,130,-0.11242972996971723
AMZN,STOCK,Donchian_20/10,-0.8006542280043665,-0.2684636532752456,-0.6927608071096546,0.9346327888648301,167,-0.5963582619545105
AMZN,STOCK,Donchian_55/20,-0.704585728213457,-0.2451337333935688,-0.68075086554689,0.9421920243891764,83,-0.5578558198327352
AMZN,STOCK,GoldenCross_50/200,0.5190078310966565,0.09710985881912082,-0.28933950389909446,1.055239402525156,34,0.30861153898901783
AMZN,STOCK,MACD,0.2287274584297347,0.02196783114563905,-0.46553158481636386,1.019461344472669,377,0.06509409858490667
AMZN,STOCK,MACD_trendfilt,0.19352494361467243,0.018176222593788705,-0.3292158005197336,1.0235499532286094,496,0.053666460714898
AMZN,STOCK,Clenow_Momo,0.19877261895045664,0.020127645741688127,-0.22023972952592372,1.023184056149904,252,0.059537820058330304
AMZN,STOCK,DualMomo_240,0.1408469536716009,0.007666240948308367,-0.37363542605049826,1.0135408679315137,116,0.02241095333871912
AMZN,STOCK,Connors_RSI2,0.9903091000272662,0.1154520894965283,-0.14403783860987018,1.22574748450935,278,0.3731195639336
AMZN,STOCK,Bollinger_MR,1.0999435326838294,0.21003823630397367,-0.1791867341704918,1.2014914802734706,180,0.7389738780715758
AMZN,STOCK,Keltner_Break,-1.156116505282723,-0.3480927400401119,-0.7897536752101364,0.9069218783094987,107,-0.7111019542455876
AMZN,STOCK,RSI_Pullback,0.4383038189806848,0.053711113952276124,-0.18704082138421632,1.0873332061276098,64,0.16396718748068562
AMZN,STOCK,VolTarget_Trend,0.16048930164461786,0.012981157659147202,-0.21123296012653872,1.0169190285407996,3236,0.038139820856344375
AVGO,STOCK,TSMOM_200,0.05046497713952962,-0.08237139367556368,-0.5946829652473882,1.0042937488685568,133,-0.22078927287534567
AVGO,STOCK,Donchian_20/10,0.10616615951790785,-0.0585436962098278,-0.6319892058718201,1.0088838522057737,154,-0.16060786675032546
AVGO,STOCK,Donchian_55/20,-0.4628039612016556,-0.28003595461104314,-0.7209398487107481,0.9620879480464343,79,-0.6146116501551636
AVGO,STOCK,GoldenCross_50/200,0.4636934104156688,0.10852299381542418,-0.3651678715194889,1.0522962068895272,38,0.3485112945618938
AVGO,STOCK,MACD,0.8376673111605848,0.32682982176159703,-0.3884513834117784,1.0721229899409934,384,1.2720858842366787
AVGO,STOCK,MACD_trendfilt,0.663203380363611,0.17644249883781238,-0.3877015116428357,1.0769851690012981,515,0.6025248904263845
AVGO,STOCK,Clenow_Momo,0.39827353827157724,0.08096143620627161,-0.3562072181644497,1.0515704392415424,216,0.2534912921486896
AVGO,STOCK,DualMomo_240,1.3823853459437687,0.5860473093733976,-0.2885152305072042,1.1591905127037734,116,2.8136588125163033
AVGO,STOCK,Connors_RSI2,1.32471355439166,0.1916729219026756,-0.15327448001658509,1.2902536167134866,276,0.6634781427873153
AVGO,STOCK,Bollinger_MR,0.37159575397295935,0.060154657569482906,-0.26832216401644354,1.0573805763082038,168,0.18474417948778954
AVGO,STOCK,Keltner_Break,0.08524817831177674,-0.06807204028957525,-0.6133783799492104,1.0071390603696637,90,-0.18502586598040538
AVGO,STOCK,RSI_Pullback,0.2751461972496436,0.031092641044507152,-0.23180643046420177,1.0466059226472597,58,0.0929278898278958
AVGO,STOCK,VolTarget_Trend,0.580529829711024,0.08603320971537642,-0.14355343762444217,1.066046585394415,3186,0.27063571903644523
GLD,COMMOD,TSMOM_200,1.206974653959019,0.2445886713562977,-0.18466203844586318,1.126636318793625,125,0.8892825296871965
GLD,COMMOD,Donchian_20/10,-0.38599873027116227,-0.09173919417526655,-0.37850382301772495,0.9631311906003143,160,-0.24404983452748308
GLD,COMMOD,Donchian_55/20,-0.16419149884908318,-0.050894512461248986,-0.40142566193757895,0.984122148960137,85,-0.14090804761666653
GLD,COMMOD,GoldenCross_50/200,1.155527762522229,0.20231176538565743,-0.14247941343185044,1.145510629513252,34,0.7086673232041414
GLD,COMMOD,MACD,-0.542971285393411,-0.11961719046972652,-0.3538214431776591,0.9486393841594752,378,-0.30955808827993536
GLD,COMMOD,MACD_trendfilt,-0.32240449615347716,-0.05204839847881493,-0.28323663742032734,0.9597252778126445,528,-0.1439413706163779
GLD,COMMOD,Clenow_Momo,0.8024953354518836,0.11605906886170203,-0.27016316607785396,1.112152127976025,184,0.37611626936451725
GLD,COMMOD,DualMomo_240,1.5831690509235423,0.2979321087159972,-0.13915751378918345,1.2000919167571464,94,1.1344754655630607
GLD,COMMOD,Connors_RSI2,0.5452444184883444,0.040953207826216254,-0.09252987730615941,1.1287409341797259,242,0.12378423943505767
GLD,COMMOD,Bollinger_MR,1.0843972215187403,0.11500784958853183,-0.13870425459568925,1.2438819341934502,143,0.37235091957243993
GLD,COMMOD,Keltner_Break,0.3928976649249026,0.059796512355042575,-0.3131078106551772,1.0389776047875505,98,0.18395947670917656
GLD,COMMOD,RSI_Pullback,0.38494682279044373,0.03205630255335001,-0.08001142565858375,1.0853707459501702,92,0.09608426690916771
GLD,COMMOD,VolTarget_Trend,1.313325405517545,0.2283030841948046,-0.15912353371296298,1.157770354550127,3355,0.8182959644116541
SLV,COMMOD,TSMOM_200,0.9826763355773952,0.3765432406338751,-0.4210340694383889,1.1068551225557817,136,1.5324743174075839
SLV,COMMOD,Donchian_20/10,-0.3058226926623351,-0.19202678501762127,-0.7516085235441045,0.9693761488497589,170,-0.462042904579834
SLV,COMMOD,Donchian_55/20,0.349412598910195,0.0612921134004103,-0.4543416471502055,1.0362228500222785,83,0.18882409566195912
SLV,COMMOD,GoldenCross_50/200,0.49926939140894894,0.11716229192317296,-0.44798335503933095,1.0688043348710021,42,0.3800751733334615
SLV,COMMOD,MACD,-0.5450545958935491,-0.2688800882762634,-0.6678623817152928,0.9461971679823622,372,-0.5977152003468575
SLV,COMMOD,MACD_trendfilt,-0.9919137763710014,-0.28084723019944735,-0.6732240712456666,0.868223215607105,487,-0.6165634130496321
SLV,COMMOD,Clenow_Momo,0.8339237270757629,0.23447780959508835,-0.4576609178746335,1.1315421222720787,162,0.84500089759784
SLV,COMMOD,DualMomo_240,1.1944732938455604,0.43620320949801994,-0.37740224273725065,1.174847964345241,86,1.8649730619545517
SLV,COMMOD,Connors_RSI2,-0.10646716131822616,-0.03720531139763095,-0.2506162166205177,0.9715791621121418,264,-0.10438247037596726
SLV,COMMOD,Bollinger_MR,-0.035066404086987926,-0.04056028140289403,-0.331827150895094,0.9920745030809988,147,-0.11342661555788969
SLV,COMMOD,Keltner_Break,0.9356971612337135,0.3547874512678564,-0.4531353398475586,1.0997938127582956,98,1.4178439931229438
SLV,COMMOD,RSI_Pullback,-0.9776323915784466,-0.1725493277175021,-0.4241106562847427,0.7378000284730326,74,-0.4234630173191557
SLV,COMMOD,VolTarget_Trend,0.7077860424853929,0.10771915114766117,-0.1924721032241094,1.088274208194217,3122,0.3464293877978637
USO,COMMOD,TSMOM_200,0.20192154274709065,0.0044890993036326154,-0.6321788564062815,1.0186610223335342,131,0.013108456795506873
USO,COMMOD,Donchian_20/10,-0.21505484152990775,-0.14391396798703404,-0.5709494902029011,0.9808723891761113,177,-0.36351556025518794
USO,COMMOD,Donchian_55/20,-0.38608247126988854,-0.19780362130671136,-0.5162163037270774,0.9658500529120784,83,-0.4731502347649674
USO,COMMOD,GoldenCross_50/200,0.49780938762242355,0.11302081711570855,-0.33536138609000055,1.0684241013248863,42,0.365252068089877
USO,COMMOD,MACD,-0.04014100686613167,-0.08454309522120984,-0.597345449988932,0.9964089646068062,367,-0.22650329832857474
USO,COMMOD,MACD_trendfilt,-0.2452872690916559,-0.10154541027130881,-0.42826562016183517,0.9706941809323757,515,-0.2675373787355113
USO,COMMOD,Clenow_Momo,-0.19447167198335658,-0.09372546602010534,-0.5057257862209483,0.9722838501358306,222,-0.24884660954520066
USO,COMMOD,DualMomo_240,0.7655065635157317,0.21166180330095274,-0.3295626447515517,1.1047680243731974,127,0.747590211538643
USO,COMMOD,Connors_RSI2,0.3084953738223861,0.03870537755545578,-0.14523446097696352,1.0781556234563792,214,0.11674290917999453
USO,COMMOD,Bollinger_MR,0.7746301734389144,0.1326226962177226,-0.19313357877864668,1.1420190346254233,150,0.4363430219685396
USO,COMMOD,Keltner_Break,0.07185644992785696,-0.0444901037209241,-0.49976910411307934,1.006472152550201,101,-0.12394396552025222
USO,COMMOD,RSI_Pullback,0.3622871783243814,0.050227334255485534,-0.18531158088646277,1.082677591034747,60,0.15314341005032595
USO,COMMOD,VolTarget_Trend,0.45099366030812604,0.05573239709080702,-0.19917923167690693,1.0566201051965023,2573,0.1708064679856276
DBC,COMMOD,TSMOM_200,0.06249701851790079,-0.004165459645848357,-0.28906498711441153,1.0055478932011281,183,-0.01206342181179576
DBC,COMMOD,Donchian_20/10,-0.587764562570384,-0.11123209863733874,-0.36685909924801785,0.9502992340347595,175,-0.2902634591940726
DBC,COMMOD,Donchian_55/20,-0.025844427153523187,-0.01950473953722709,-0.25518644982988775,0.9977525269129218,70,-0.055663115154940046
DBC,COMMOD,GoldenCross_50/200,0.020022568269943634,-0.00677453042081555,-0.26811967290451927,1.0024235484220785,38,-0.01957059199799671
DBC,COMMOD,MACD,-0.1367253826181419,-0.03842192011072465,-0.33758138959919093,0.9882387360675942,387,-0.10766909851461315
DBC,COMMOD,MACD_trendfilt,-0.34528275971628075,-0.047905282373884805,-0.2953442027041099,0.9604147155216061,527,-0.13301721715016424
DBC,COMMOD,Clenow_Momo,-0.491927320889367,-0.06598065719331903,-0.21498955537672307,0.9349366459266483,236,-0.18001331318484526
DBC,COMMOD,DualMomo_240,0.42129528087106377,0.04958290912854468,-0.1877054875616558,1.0521430147843365,137,0.15108727062171612
DBC,COMMOD,Connors_RSI2,-0.045443203699080885,-0.005148208197163662,-0.161222418604847,0.9902827113061984,204,-0.01489552926936799
DBC,COMMOD,Bollinger_MR,0.4666533089860024,0.03675180845299919,-0.10829145401840709,1.082202488571928,146,0.1106469146832123
DBC,COMMOD,Keltner_Break,0.29660761332681757,0.03722848886493457,-0.24387537162371356,1.0260477582894794,103,0.11213234831054586
DBC,COMMOD,RSI_Pullback,-0.35678267122767887,-0.029196895764510344,-0.14843695710134755,0.9259260209105881,64,-0.08254962621848971
DBC,COMMOD,VolTarget_Trend,-0.05112397489117473,-0.01826613455026216,-0.3070318804301195,0.9938554555808132,2606,-0.05219037947899863
UNG,COMMOD,TSMOM_200,-0.10692650806407165,-0.19393980040359038,-0.6190659421063469,0.9912292142754805,99,-0.4657379711484162
UNG,COMMOD,Donchian_20/10,-0.20879544585113244,-0.24314996323772142,-0.7176182886585772,0.9832484084920091,167,-0.5551544009884131
UNG,COMMOD,Donchian_55/20,-0.03481148265301949,-0.16531473438995126,-0.7473407197865275,0.9971852090747437,78,-0.40868386043817373
UNG,COMMOD,GoldenCross_50/200,-0.42578841029576114,-0.21355173551579443,-0.5868346783607568,0.9443272348221571,39,-0.5026629550277834
UNG,COMMOD,MACD,0.05696568118291032,-0.11964229387603253,-0.6248571662735938,1.0046076488841167,366,-0.309615329743382
UNG,COMMOD,MACD_trendfilt,0.13351422164447865,-0.030249506402531323,-0.4410224261298845,1.0153988277126855,497,-0.0854390034875141
UNG,COMMOD,Clenow_Momo,0.11742349172768766,-0.02555168493794646,-0.3533252348197607,1.0169254123344127,177,-0.07249738927433014
UNG,COMMOD,DualMomo_240,-0.37416651190150374,-0.19191225349284535,-0.529693167000001,0.9494153803575094,125,-0.46182115197640206
UNG,COMMOD,Connors_RSI2,-0.5543145044623342,-0.10922260014486584,-0.3569486359353328,0.8818310838649451,152,-0.2855875401638802
UNG,COMMOD,Bollinger_MR,-0.9190424863555464,-0.22923713119519096,-0.65038713485272,0.8755791475627782,150,-0.5309586278119957
UNG,COMMOD,Keltner_Break,0.33282478211499844,0.027690139288678584,-0.4064624107575373,1.0273167421405247,104,0.0826559647082632
UNG,COMMOD,RSI_Pullback,-0.05673059913572785,-0.02596986194761819,-0.24046942905150917,0.9858941027398366,41,-0.07365422848340086
UNG,COMMOD,VolTarget_Trend,-0.26127607779301526,-0.036448751487109576,-0.20027984358749729,0.9661262641665276,1980,-0.10233464947388704
